Maker,Year,Commission
ford,2015,0.14
skoda,2015,0.02
bmw,2015,0.14
suzuki,2015,0.02
nissan,2015,0.06
opel,2015,0.07
citroen,2015,0.04
seat,2015,0.13
kia,2015,0.09
audi,2015,0.07
rover,2015,0.11
toyota,2015,0.11
hyundai,2015,0.1
fiat,2015,0.05
volvo,2015,0.15
chevrolet,2015,0.15
mazda,2015,0.14
jeep,2015,0.08
mercedes-benz,2015,0.03
subaru,2015,0.06
chrysler,2015,0.03
lancia,2015,0.06
smart,2015,0.08
honda,2015,0.05
porsche,2015,0.05
dodge,2015,0.06
mitsubishi,2015,0.04
mini,2015,0.11
jaguar,2015,0.11
lexus,2015,0.08
hummer,2015,0.06
bentley,2015,0.13
tesla,2015,0.12
maserati,2015,0.15
isuzu,2015,0.05
lamborghini,2015,0.12
lotus,2015,0.1
volkswagen,2015,0.09
peugeot,2015,0.03
renault,2015,0.1
alfa-romeo,2015,0.13
infinity,2015,0.14
rolls-royce,2015,0.12
aston-martin,2015,0.1
land-rover,2015,0.06
dacia,2015,0.05
ford,2016,0.15
skoda,2016,0.09
bmw,2016,0.06
suzuki,2016,0.11
nissan,2016,0.07
opel,2016,0.04
citroen,2016,0.06
seat,2016,0.1
kia,2016,0.03
audi,2016,0.07
rover,2016,0.15
toyota,2016,0.07
hyundai,2016,0.12
fiat,2016,0.12
volvo,2016,0.06
chevrolet,2016,0.08
mazda,2016,0.07
jeep,2016,0.14
mercedes-benz,2016,0.04
subaru,2016,0.04
chrysler,2016,0.13
lancia,2016,0.11
smart,2016,0.06
honda,2016,0.15
porsche,2016,0.07
dodge,2016,0.08
mitsubishi,2016,0.02
mini,2016,0.02
jaguar,2016,0.14
lexus,2016,0.08
hummer,2016,0.11
bentley,2016,0.03
tesla,2016,0.08
maserati,2016,0.08
isuzu,2016,0.02
lamborghini,2016,0.04
lotus,2016,0.12
volkswagen,2016,0.11
peugeot,2016,0.15
renault,2016,0.06
alfa-romeo,2016,0.09
infinity,2016,0.06
rolls-royce,2016,0.09
aston-martin,2016,0.05
land-rover,2016,0.08
dacia,2016,0.06
ford,2017,0.15
skoda,2017,0.03
bmw,2017,0.08
suzuki,2017,0.13
nissan,2017,0.04
opel,2017,0.02
citroen,2017,0.15
seat,2017,0.13
kia,2017,0.12
audi,2017,0.02
rover,2017,0.11
toyota,2017,0.08
hyundai,2017,0.04
fiat,2017,0.04
volvo,2017,0.03
chevrolet,2017,0.1
mazda,2017,0.08
jeep,2017,0.02
mercedes-benz,2017,0.06
subaru,2017,0.02
chrysler,2017,0.12
lancia,2017,0.1
smart,2017,0.07
honda,2017,0.04
porsche,2017,0.11
dodge,2017,0.15
mitsubishi,2017,0.06
mini,2017,0.08
jaguar,2017,0.07
lexus,2017,0.1
hummer,2017,0.05
bentley,2017,0.07
tesla,2017,0.06
maserati,2017,0.08
isuzu,2017,0.05
lamborghini,2017,0.04
lotus,2017,0.14
volkswagen,2017,0.12
peugeot,2017,0.12
renault,2017,0.12
alfa-romeo,2017,0.02
infinity,2017,0.15
rolls-royce,2017,0.02
aston-martin,2017,0.02
land-rover,2017,0.1
dacia,2017,0.08
